Modèle,Sexe,Cout,Couleur,Source du prix
Arabique,Femme,75,Multicolore,conversation
Babouche Christine,Femme,90,Multicolore,conversation
Babouche à l'envers,Femme,90,Rouge,conversation
Babouches à l'envers,Femme,90,Violet,conversation
Babush Spirales,Femme,80,Multicolore,conversation
Ballerines,Femme,90,Divers,conversation
Birkenstock boucle blanche,Femme,80,Blanc,conversation
Birkenstock Sabo,Femme,130,Rouge,conversation
Bottes médiévales,Femme,400,Marron,
Chaussures climatisées,Femme,90,Marron clair,conversation
Chaussures fleurs dessinées à la main,Femme,160,Multicolore,conversation
Chinois,Femme,160,Rouge,conversation
Coeur,Femme,85,Multicolore,conversation
Corée,Femme,85,Blanche,conversation
Corée,Femme,85,Marron,conversation
Corée,Femme,85,Noire,conversation
Croisé,Femme,80,Marron,conversation
Fisherman,Femme,85,Beige,conversation
Gazelle Scratch Rasala,Femme,85,Blanche,conversation
Gazelle Scratch Rasala,Femme,85,Noire,conversation
Grande chaussure spirale,Femme,140,Rouge / Vert / Violet,conversation
Hermès,Femme,85,Blanche,conversation
Hermès,Femme,85,Camel,conversation
Hermès,Femme,85,Caramel,conversation
Hermès,Femme,85,Noire,conversation
Hermès avec Scratch,Femme,85,Marron,conversation
Hermès avec Scratch,Femme,85,Rouge,conversation
Hermès Birkenstock Scratch,Femme,85,Blanc avec ceinture marron,conversation
Jacques,Femme,85,Noir,conversation
Jamaica,Femme,85,Multicolore,conversation
Mamy Occasion,Femme,60,Beige,conversation
Mocassins,Femme,130,Violet,conversation
Pologne,Femme,140,Multicolore,conversation
Sandale Spirale,Femme,85,Marron,conversation
Sandales dessinées à la main,Femme,90,Multicolore,conversation
Sandales japonaises Occasion,Femme,60,Multicolore,conversation
Sandales japonaises talons en bois,Femme,60,Multicolore,conversation
Sandals Vanessa,Femme,85,Marron,conversation
Spartiate,Femme,130,Multicolore,conversation
Spartiate,Femme,130,Noire,conversation
Spartiate,Femme,130,Vert,conversation
Spartiate Occasion,Femme,60,Rouge,conversation
Suède,Femme,80,Multicolore,conversation
Tafraout,Femme,80,Rouge,conversation
Tafraout dessinée à la main,Femme,90,Multicolore,conversation
Togo,Femme,85,Noir,conversation
Togo Boucle,Femme,85,Beige,conversation
Togo fin avec élastique,Femme,80,Noir,
Togo lanière fine,Femme,80,Rose,conversation
Togo Occasion,Femme,60,Noir,conversation
Tropézienne,Femme,80,Argentée,conversation
Tropézienne,Femme,80,Jaune,conversation
Tropézienne,Femme,80,Marron foncé,conversation
Tropézienne,Femme,80,Rouge,conversation
Tropézienne argentée castré,Femme,80,Argenté,
Tropézienne Occasion,Femme,60,Gris,conversation
Tropézienne Occasion,Femme,60,Marron,conversation
Tropézienne Occasion,Femme,60,Or,conversation
Zara Occasion Semelle Rouge,Femme,60,Multicolore,
Zara Occasion Semelle Vert,Femme,60,Multicolore,conversation
Zara Talon,Femme,60,Divers,conversation
Amor,Homme,85,Noir,conversation
Amore Occasion,Homme,60,Beige,conversation
Awina,Homme,85,Marron,conversation
Awina Occasion,Homme,60,Noir,conversation
Babouche avec Boucle,Homme,85,Marron Foncé,conversation
Cendale Gazelle,Homme,85,Marron,
Chaussure courte avec spirale,Homme,130,Marron et rouge,
Chaussure de feu,Homme,170,Marron,conversation
Chaussure grande,Homme,85,Noir,conversation
Chaussure Vieux,Homme,170,Marron clair,conversation
Chaussures maroines,Homme,85,Marron,conversation
Dessinateur vieux,Homme,130,Jaune,conversation
Dessinateur Vieux,Homme,130,Marron,conversation
Dessinateur vieux,Homme,130,Rouge,conversation
Fisherman 4 ceintures,Homme,80,Noir,conversation
Fisherman 6 ceintures,Homme,85,Marron,conversation
Fisherman lanière Occasion,Homme,60,Marron,conversation
Grèce,Homme,0,Marron,conversation
Hermès,Homme,85,Noir,conversation
Hermès lanière,Homme,85,Beige,conversation
Jacques,Homme,85,Noir,conversation
Jacques Occasion,Homme,60,Bleu,conversation
Les Tongs,Homme,85,Marron,
Lutin,Homme,130,Noir avec ceinture rouge,conversation
Merwan,Homme,85,Marron,
Mocassins Caramel,Homme,130,Caramel,conversation
Nasrani catholique,Homme,85,Marron,conversation
Sabot,Homme,90,Marron,conversation
Sabot,Homme,90,Noir,conversation
Sabot,Homme,90,Noire,conversation
Sabot Aladin,Homme,90,Jaune,
Sabot Aladin,Homme,90,Marron,
Sabot Aladin,Homme,90,Violet,
Sandal Karl,Homme,0,Marron,
Sandale Carapé,Homme,85,Marron,conversation
Sandale Croisée,Homme,85,Marron,conversation
Sandale Rabat,Homme,85,Noir,conversation
Sandales bateau occasion,Homme,60,Marron,conversation
Sandales Tétouan,Homme,85,Marron,conversation
Sandals afghanes,Homme,85,Marron,conversation
Sandals Croisé Occasion,Homme,60,Marron,conversation
Sandals Rabat,Homme,85,Marron,conversation
Sandral Spiral,Homme,85,Marron,conversation
Spartiate,Homme,130,Marron,conversation
Tafraout,Homme,80,Bleu,conversation
Tafraout,Homme,80,Bleu clair,conversation
Tafraout,Homme,80,Jaune,conversation
Tafraout,Homme,80,Marron,conversation
Tafraout,Homme,80,Multicolore,conversation
Tafraout,Homme,80,Noir,conversation
Tongs Birkenstock,Homme,85,Marron,
Tropézien,Homme,80,Beige,conversation
Égypte,Homme,80,A définir,
Babouche,Unisex,85,Marron Embark,conversation
Babush Birkenstock,Unisex,130,Daim marron,
Babush Birkenstock,Unisex,130,Marron,
Babush Birkenstock,Unisex,130,Nibek,
Babush Birkenstock,Unisex,130,Noire,
Birkenstock,Unisex,130,Blanche,conversation
Birkenstock,Unisex,130,Daim marron,conversation
Birkenstock,Unisex,130,Marron,conversation
Birkenstock,Unisex,130,Noire,conversation
Chauve-souris,Unisex,260,Marron,
Dessinateur vieux,Unisex,130,Jaune et embark,conversation
Mocassin cuir de chèvre,Unisex,130,Marron,
Pologne,Unisex,140,Caramel,conversation
Pologne,Unisex,140,Marron,conversation
Pologne,Unisex,140,Marron foncé devant et beige derrière,conversation
Sabot,Unisex,90,Bleu,conversation
Sandale Cheveux,Unisex,25,Divers,
Tafraout,Unisex,80,Embark,conversation
Tafraout Occasion,Unisex,60,Marron,conversation