ID,Modèle,Couleur,Sexe,Pointure,Quantité
1,Arabique,Multicolore,Femme,37,1
1,Arabique,Multicolore,Femme,38,2
2,Babouche Christine,Multicolore,Femme,36,2
2,Babouche Christine,Multicolore,Femme,37,3
2,Babouche Christine,Multicolore,Femme,38,5
2,Babouche Christine,Multicolore,Femme,39,5
2,Babouche Christine,Multicolore,Femme,40,5
2,Babouche Christine,Multicolore,Femme,41,3
2,Babouche Christine,Multicolore,Femme,42,1
3,Babouche à l'envers,Rouge,Femme,37,2
3,Babouche à l'envers,Rouge,Femme,38,2
3,Babouche à l'envers,Rouge,Femme,39,2
3,Babouche à l'envers,Rouge,Femme,40,3
3,Babouche à l'envers,Rouge,Femme,41,1
4,Babouches à l'envers,Violet,Femme,38,1
4,Babouches à l'envers,Violet,Femme,39,1
4,Babouches à l'envers,Violet,Femme,40,1
5,Babush Spirales,Multicolore,Femme,37,1
5,Babush Spirales,Multicolore,Femme,38,1
6,Ballerines,Divers,Femme,37,3
6,Ballerines,Divers,Femme,38,5
6,Ballerines,Divers,Femme,39,5
6,Ballerines,Divers,Femme,40,5
6,Ballerines,Divers,Femme,41,4
6,Ballerines,Divers,Femme,42,2
6,Ballerines,Divers,Femme,43,2
7,Birkenstock boucle blanche,Blanc,Femme,37,2
7,Birkenstock boucle blanche,Blanc,Femme,38,2
7,Birkenstock boucle blanche,Blanc,Femme,39,1
7,Birkenstock boucle blanche,Blanc,Femme,40,2
8,Birkenstock Sabo,Rouge,Femme,36,3
8,Birkenstock Sabo,Rouge,Femme,38,4
8,Birkenstock Sabo,Rouge,Femme,39,4
8,Birkenstock Sabo,Rouge,Femme,40,3
8,Birkenstock Sabo,Rouge,Femme,41,2
8,Birkenstock Sabo,Rouge,Femme,42,1
9,Bottes médiévales,Marron,Femme,37,1
9,Bottes médiévales,Marron,Femme,38,2
9,Bottes médiévales,Marron,Femme,39,1
10,Chaussures climatisées,Marron clair,Femme,36,1
10,Chaussures climatisées,Marron clair,Femme,37,4
10,Chaussures climatisées,Marron clair,Femme,38,4
10,Chaussures climatisées,Marron clair,Femme,39,5
10,Chaussures climatisées,Marron clair,Femme,40,4
10,Chaussures climatisées,Marron clair,Femme,41,2
10,Chaussures climatisées,Marron clair,Femme,42,1
11,Chaussures fleurs dessinées à la main,Multicolore,Femme,36,1
11,Chaussures fleurs dessinées à la main,Multicolore,Femme,37,3
11,Chaussures fleurs dessinées à la main,Multicolore,Femme,38,4
11,Chaussures fleurs dessinées à la main,Multicolore,Femme,39,3
11,Chaussures fleurs dessinées à la main,Multicolore,Femme,40,2
11,Chaussures fleurs dessinées à la main,Multicolore,Femme,41,2
12,Chinois,Rouge,Femme,36,1
12,Chinois,Rouge,Femme,37,2
12,Chinois,Rouge,Femme,38,2
12,Chinois,Rouge,Femme,41,1
13,Coeur,Multicolore,Femme,36,1
13,Coeur,Multicolore,Femme,37,5
13,Coeur,Multicolore,Femme,38,3
13,Coeur,Multicolore,Femme,39,5
13,Coeur,Multicolore,Femme,40,4
13,Coeur,Multicolore,Femme,41,2
13,Coeur,Multicolore,Femme,42,3
14,Corée,Blanche,Femme,36,2
14,Corée,Blanche,Femme,37,5
14,Corée,Blanche,Femme,38,6
14,Corée,Blanche,Femme,39,6
14,Corée,Blanche,Femme,40,5
14,Corée,Blanche,Femme,41,3
14,Corée,Blanche,Femme,42,1
15,Corée,Marron,Femme,36,2
15,Corée,Marron,Femme,37,2
15,Corée,Marron,Femme,38,1
15,Corée,Marron,Femme,39,2
15,Corée,Marron,Femme,40,2
15,Corée,Marron,Femme,41,1
16,Corée,Noire,Femme,36,2
16,Corée,Noire,Femme,37,5
16,Corée,Noire,Femme,38,5
16,Corée,Noire,Femme,39,5
16,Corée,Noire,Femme,40,5
16,Corée,Noire,Femme,41,3
16,Corée,Noire,Femme,42,1
17,Croisé,Marron,Femme,36,1
17,Croisé,Marron,Femme,37,2
17,Croisé,Marron,Femme,38,1
17,Croisé,Marron,Femme,39,2
17,Croisé,Marron,Femme,40,2
18,Fisherman,Beige,Femme,36,1
18,Fisherman,Beige,Femme,37,2
18,Fisherman,Beige,Femme,38,1
18,Fisherman,Beige,Femme,39,1
18,Fisherman,Beige,Femme,40,2
18,Fisherman,Beige,Femme,41,1
19,Gazelle Scratch Rasala,Blanche,Femme,36,3
19,Gazelle Scratch Rasala,Blanche,Femme,37,6
19,Gazelle Scratch Rasala,Blanche,Femme,38,9
19,Gazelle Scratch Rasala,Blanche,Femme,39,4
19,Gazelle Scratch Rasala,Blanche,Femme,40,7
19,Gazelle Scratch Rasala,Blanche,Femme,41,2
19,Gazelle Scratch Rasala,Blanche,Femme,42,2
20,Gazelle Scratch Rasala,Noire,Femme,36,1
20,Gazelle Scratch Rasala,Noire,Femme,37,1
20,Gazelle Scratch Rasala,Noire,Femme,38,2
20,Gazelle Scratch Rasala,Noire,Femme,40,1
20,Gazelle Scratch Rasala,Noire,Femme,41,2
20,Gazelle Scratch Rasala,Noire,Femme,42,1
21,Grande chaussure spirale,Rouge / Vert / Violet,Femme,37,3
21,Grande chaussure spirale,Rouge / Vert / Violet,Femme,38,3
21,Grande chaussure spirale,Rouge / Vert / Violet,Femme,39,1
21,Grande chaussure spirale,Rouge / Vert / Violet,Femme,40,2
21,Grande chaussure spirale,Rouge / Vert / Violet,Femme,41,1
22,Hermès,Blanche,Femme,36,2
22,Hermès,Blanche,Femme,37,3
22,Hermès,Blanche,Femme,38,0
22,Hermès,Blanche,Femme,39,5
22,Hermès,Blanche,Femme,40,4
22,Hermès,Blanche,Femme,41,2
22,Hermès,Blanche,Femme,42,4
22,Hermès,Blanche,Femme,43,1
23,Hermès,Camel,Femme,39,1
23,Hermès,Camel,Femme,40,1
23,Hermès,Camel,Femme,41,1
24,Hermès,Caramel,Femme,36,4
24,Hermès,Caramel,Femme,37,1
24,Hermès,Caramel,Femme,38,2
24,Hermès,Caramel,Femme,41,1
24,Hermès,Caramel,Femme,42,5
24,Hermès,Caramel,Femme,43,1
25,Hermès,Noire,Femme,37,1
26,Hermès avec Scratch,Marron,Femme,36,1
26,Hermès avec Scratch,Marron,Femme,37,0
26,Hermès avec Scratch,Marron,Femme,38,2
26,Hermès avec Scratch,Marron,Femme,39,1
26,Hermès avec Scratch,Marron,Femme,40,2
26,Hermès avec Scratch,Marron,Femme,41,1
27,Hermès avec Scratch,Rouge,Femme,36,1
27,Hermès avec Scratch,Rouge,Femme,37,2
27,Hermès avec Scratch,Rouge,Femme,38,2
27,Hermès avec Scratch,Rouge,Femme,39,2
27,Hermès avec Scratch,Rouge,Femme,40,2
27,Hermès avec Scratch,Rouge,Femme,41,1
28,Hermès Birkenstock Scratch,Blanc avec ceinture marron,Femme,40,2
28,Hermès Birkenstock Scratch,Blanc avec ceinture marron,Femme,41,1
29,Jacques,Noire,Femme,36,1
29,Jacques,Noire,Femme,37,1
29,Jacques,Noire,Femme,38,2
29,Jacques,Noire,Femme,39,2
29,Jacques,Noire,Femme,40,1
30,Jamaica,Multicolore,Femme,36,2
30,Jamaica,Multicolore,Femme,37,5
30,Jamaica,Multicolore,Femme,38,4
30,Jamaica,Multicolore,Femme,39,4
30,Jamaica,Multicolore,Femme,40,4
30,Jamaica,Multicolore,Femme,41,1
30,Jamaica,Multicolore,Femme,42,2
31,Mamy Occasion,Beige,Femme,37,2
31,Mamy Occasion,Beige,Femme,38,3
31,Mamy Occasion,Beige,Femme,39,2
32,Mocassins,Violet,Femme,37,1
32,Mocassins,Violet,Femme,40,1
33,Pologne,Multicolore,Femme,36,1
33,Pologne,Multicolore,Femme,37,1
33,Pologne,Multicolore,Femme,38,2
33,Pologne,Multicolore,Femme,39,3
33,Pologne,Multicolore,Femme,40,3
33,Pologne,Multicolore,Femme,41,1
34,Sandale Spirale,Marron,Femme,36,2
34,Sandale Spirale,Marron,Femme,41,3
34,Sandale Spirale,Marron,Femme,42,2
35,Sandales dessinées à la main,Multicolore,Femme,36,2
35,Sandales dessinées à la main,Multicolore,Femme,37,1
35,Sandales dessinées à la main,Multicolore,Femme,38,4
35,Sandales dessinées à la main,Multicolore,Femme,39,4
35,Sandales dessinées à la main,Multicolore,Femme,40,4
35,Sandales dessinées à la main,Multicolore,Femme,41,2
35,Sandales dessinées à la main,Multicolore,Femme,42,2
36,Sandales japonaises Occasion,Multicolore,Femme,37,2
36,Sandales japonaises Occasion,Multicolore,Femme,38,2
37,Sandales japonaises talons en bois,Multicolore,Femme,36,1
37,Sandales japonaises talons en bois,Multicolore,Femme,37,2
37,Sandales japonaises talons en bois,Multicolore,Femme,38,1
37,Sandales japonaises talons en bois,Multicolore,Femme,40,1
38,Sandals Vanessa,Marron,Femme,36,1
38,Sandals Vanessa,Marron,Femme,37,2
38,Sandals Vanessa,Marron,Femme,38,4
38,Sandals Vanessa,Marron,Femme,39,6
38,Sandals Vanessa,Marron,Femme,40,2
38,Sandals Vanessa,Marron,Femme,42,2
39,Spartiate,Multicolore,Femme,36,1
39,Spartiate,Multicolore,Femme,37,2
39,Spartiate,Multicolore,Femme,38,1
39,Spartiate,Multicolore,Femme,39,1
40,Spartiate,Noire,Femme,36,3
40,Spartiate,Noire,Femme,37,5
40,Spartiate,Noire,Femme,38,5
40,Spartiate,Noire,Femme,39,5
40,Spartiate,Noire,Femme,40,6
40,Spartiate,Noire,Femme,41,2
40,Spartiate,Noire,Femme,42,1
41,Spartiate,Vert,Femme,37,1
41,Spartiate,Vert,Femme,38,1
41,Spartiate,Vert,Femme,39,1
41,Spartiate,Vert,Femme,40,1
42,Spartiate Occasion,Rouge,Femme,37,1
42,Spartiate Occasion,Rouge,Femme,38,1
42,Spartiate Occasion,Rouge,Femme,39,1
42,Spartiate Occasion,Rouge,Femme,40,1
43,Suède,Multicolore,Femme,37,1
43,Suède,Multicolore,Femme,38,1
44,Tafraout,Rouge,Femme,36,1
44,Tafraout,Rouge,Femme,37,3
45,Tafraout dessinée à la main,Multicolore,Femme,36,1
45,Tafraout dessinée à la main,Multicolore,Femme,37,1
46,Togo,Noire,Femme,36,1
46,Togo,Noire,Femme,37,2
47,Togo Boucle,Beige,Femme,37,4
47,Togo Boucle,Beige,Femme,38,4
47,Togo Boucle,Beige,Femme,39,1
47,Togo Boucle,Beige,Femme,40,2
47,Togo Boucle,Beige,Femme,41,1
48,Togo fin avec élastique,Noire,Femme,37,1
48,Togo fin avec élastique,Noire,Femme,38,1
49,Togo lanière fine,Rose,Femme,37,1
49,Togo lanière fine,Rose,Femme,38,1
49,Togo lanière fine,Rose,Femme,39,2
49,Togo lanière fine,Rose,Femme,40,2
50,Togo Occasion,Noire,Femme,37,6
50,Togo Occasion,Noire,Femme,38,1
51,Tropézienne,Argentée,Femme,36,1
51,Tropézienne,Argentée,Femme,37,1
51,Tropézienne,Argentée,Femme,38,2
51,Tropézienne,Argentée,Femme,39,2
51,Tropézienne,Argentée,Femme,40,2
51,Tropézienne,Argentée,Femme,41,1
51,Tropézienne,Argentée,Femme,42,1
52,Tropézienne,Jaune,Femme,36,1
52,Tropézienne,Jaune,Femme,37,3
52,Tropézienne,Jaune,Femme,38,1
52,Tropézienne,Jaune,Femme,39,2
52,Tropézienne,Jaune,Femme,41,2
52,Tropézienne,Jaune,Femme,42,1
53,Tropézienne,Marron foncé,Femme,37,1
53,Tropézienne,Marron foncé,Femme,38,2
53,Tropézienne,Marron foncé,Femme,40,3
53,Tropézienne,Marron foncé,Femme,42,1
54,Tropézienne,Rouge,Femme,36,1
54,Tropézienne,Rouge,Femme,37,3
54,Tropézienne,Rouge,Femme,38,2
54,Tropézienne,Rouge,Femme,39,2
54,Tropézienne,Rouge,Femme,40,2
55,Tropézienne argentée castré,Argenté,Femme,36,1
55,Tropézienne argentée castré,Argenté,Femme,37,2
55,Tropézienne argentée castré,Argenté,Femme,38,2
55,Tropézienne argentée castré,Argenté,Femme,39,2
55,Tropézienne argentée castré,Argenté,Femme,40,2
55,Tropézienne argentée castré,Argenté,Femme,41,1
55,Tropézienne argentée castré,Argenté,Femme,42,1
56,Tropézienne Occasion,Gris,Femme,37,5
56,Tropézienne Occasion,Gris,Femme,38,5
56,Tropézienne Occasion,Gris,Femme,39,6
56,Tropézienne Occasion,Gris,Femme,40,4
57,Tropézienne Occasion,Marron,Femme,37,3
57,Tropézienne Occasion,Marron,Femme,38,1
57,Tropézienne Occasion,Marron,Femme,39,2
57,Tropézienne Occasion,Marron,Femme,40,2
58,Tropézienne Occasion,Or,Femme,37,1
58,Tropézienne Occasion,Or,Femme,38,2
58,Tropézienne Occasion,Or,Femme,39,3
59,Zara Occasion Semelle Rouge,Multicolore,Femme,37,1
59,Zara Occasion Semelle Rouge,Multicolore,Femme,38,2
59,Zara Occasion Semelle Rouge,Multicolore,Femme,39,2
60,Zara Occasion Semelle Vert,Multicolore,Femme,37,2
60,Zara Occasion Semelle Vert,Multicolore,Femme,38,2
61,Zara Talon,Divers,Femme,36,1
61,Zara Talon,Divers,Femme,37,2
61,Zara Talon,Divers,Femme,38,1
61,Zara Talon,Divers,Femme,39,1
61,Zara Talon,Divers,Femme,40,4
61,Zara Talon,Divers,Femme,41,1
101,Amor,Noire,Homme,43,1
101,Amor,Noire,Homme,45,1
102,Amore Occasion,Beige,Homme,39,1
102,Amore Occasion,Beige,Homme,41,1
102,Amore Occasion,Beige,Homme,42,1
102,Amore Occasion,Beige,Homme,43,1
102,Amore Occasion,Beige,Homme,44,2
103,Awina,Marron,Homme,40,1
103,Awina,Marron,Homme,41,1
103,Awina,Marron,Homme,42,2
103,Awina,Marron,Homme,43,2
103,Awina,Marron,Homme,44,2
103,Awina,Marron,Homme,45,1
103,Awina,Marron,Homme,47,1
104,Awina Occasion,Noire,Homme,39,3
104,Awina Occasion,Noire,Homme,40,1
104,Awina Occasion,Noire,Homme,41,2
104,Awina Occasion,Noire,Homme,42,3
104,Awina Occasion,Noire,Homme,43,2
105,Babouche avec Boucle,Marron Foncé,Homme,40,1
105,Babouche avec Boucle,Marron Foncé,Homme,41,1
105,Babouche avec Boucle,Marron Foncé,Homme,42,2
105,Babouche avec Boucle,Marron Foncé,Homme,43,2
105,Babouche avec Boucle,Marron Foncé,Homme,44,2
105,Babouche avec Boucle,Marron Foncé,Homme,45,1
105,Babouche avec Boucle,Marron Foncé,Homme,46,1
105,Babouche avec Boucle,Marron Foncé,Homme,47,1
106,Cendale Gazelle,Marron,Homme,42,1
106,Cendale Gazelle,Marron,Homme,44,1
106,Cendale Gazelle,Marron,Homme,45,1
106,Cendale Gazelle,Marron,Homme,47,1
107,Chaussure courte avec spirale,Marron et rouge,Homme,37,2
107,Chaussure courte avec spirale,Marron et rouge,Homme,44,1
107,Chaussure courte avec spirale,Marron et rouge,Homme,45,1
108,Chaussure de feu,Marron,Homme,43,1
108,Chaussure de feu,Marron,Homme,44,1
108,Chaussure de feu,Marron,Homme,46,2
108,Chaussure de feu,Marron,Homme,47,1
109,Chaussure grande,Noire,Homme,43,1
109,Chaussure grande,Noire,Homme,44,1
109,Chaussure grande,Noire,Homme,45,1
110,Chaussure Vieux,Marron clair,Homme,43,1
110,Chaussure Vieux,Marron clair,Homme,45,1
111,Chaussures maroines,Marron,Homme,42,3
111,Chaussures maroines,Marron,Homme,43,1
112,Dessinateur vieux,Jaune,Homme,40,1
112,Dessinateur vieux,Jaune,Homme,42,1
112,Dessinateur vieux,Jaune,Homme,43,2
112,Dessinateur vieux,Jaune,Homme,44,1
112,Dessinateur vieux,Jaune,Homme,46,1
112,Dessinateur vieux,Jaune,Homme,47,2
113,Dessinateur Vieux,Marron,Homme,40,2
113,Dessinateur Vieux,Marron,Homme,44,1
113,Dessinateur Vieux,Marron,Homme,45,4
113,Dessinateur Vieux,Marron,Homme,46,4
113,Dessinateur Vieux,Marron,Homme,47,2
114,Dessinateur vieux,Rouge,Homme,41,1
114,Dessinateur vieux,Rouge,Homme,42,1
114,Dessinateur vieux,Rouge,Homme,43,2
114,Dessinateur vieux,Rouge,Homme,44,1
114,Dessinateur vieux,Rouge,Homme,45,3
114,Dessinateur vieux,Rouge,Homme,46,3
114,Dessinateur vieux,Rouge,Homme,47,1
115,Fisherman 4 ceintures,Noire,Homme,40,1
115,Fisherman 4 ceintures,Noire,Homme,42,1
115,Fisherman 4 ceintures,Noire,Homme,43,2
115,Fisherman 4 ceintures,Noire,Homme,44,2
115,Fisherman 4 ceintures,Noire,Homme,45,2
115,Fisherman 4 ceintures,Noire,Homme,46,1
115,Fisherman 4 ceintures,Noire,Homme,47,1
116,Fisherman 6 ceintures,Marron,Homme,42,3
116,Fisherman 6 ceintures,Marron,Homme,43,1
116,Fisherman 6 ceintures,Marron,Homme,44,2
116,Fisherman 6 ceintures,Marron,Homme,45,1
116,Fisherman 6 ceintures,Marron,Homme,46,1
116,Fisherman 6 ceintures,Marron,Homme,47,1
117,Fisherman lanière Occasion,Marron,Homme,43,1
117,Fisherman lanière Occasion,Marron,Homme,44,2
118,Grèce,Marron,Homme,42,2
118,Grèce,Marron,Homme,43,2
118,Grèce,Marron,Homme,44,1
118,Grèce,Marron,Homme,45,1
119,Hermès,Noire,Homme,40,1
119,Hermès,Noire,Homme,41,1
119,Hermès,Noire,Homme,42,2
119,Hermès,Noire,Homme,43,1
119,Hermès,Noire,Homme,44,2
119,Hermès,Noire,Homme,45,1
119,Hermès,Noire,Homme,46,1
119,Hermès,Noire,Homme,47,1
120,Hermès lanière,Beige,Homme,42,4
120,Hermès lanière,Beige,Homme,43,1
120,Hermès lanière,Beige,Homme,44,2
120,Hermès lanière,Beige,Homme,45,3
121,Jacques,Noire,Homme,41,1
121,Jacques,Noire,Homme,43,1
121,Jacques,Noire,Homme,44,3
121,Jacques,Noire,Homme,45,3
121,Jacques,Noire,Homme,46,2
122,Jacques Occasion,Bleu,Homme,39,1
122,Jacques Occasion,Bleu,Homme,40,2
122,Jacques Occasion,Bleu,Homme,41,3
122,Jacques Occasion,Bleu,Homme,42,1
122,Jacques Occasion,Bleu,Homme,44,2
123,Les Tongs,Marron,Homme,41,1
123,Les Tongs,Marron,Homme,43,2
123,Les Tongs,Marron,Homme,45,3
123,Les Tongs,Marron,Homme,46,1
124,Lutin,Noire avec ceinture rouge,Homme,40,1
124,Lutin,Noire avec ceinture rouge,Homme,43,1
125,Merwan,Marron,Homme,42,1
125,Merwan,Marron,Homme,43,1
125,Merwan,Marron,Homme,47,1
126,Mocassins Caramel,Caramel,Homme,45,1
126,Mocassins Caramel,Caramel,Homme,46,2
126,Mocassins Caramel,Caramel,Homme,47,1
127,Nasrani catholique,Marron,Homme,44,1
127,Nasrani catholique,Marron,Homme,46,1
128,Sabot,Marron,Homme,40,1
128,Sabot,Marron,Homme,41,1
128,Sabot,Marron,Homme,42,2
128,Sabot,Marron,Homme,43,2
128,Sabot,Marron,Homme,44,2
128,Sabot,Marron,Homme,45,4
128,Sabot,Marron,Homme,46,4
128,Sabot,Marron,Homme,47,1
129,Sabot A RETIRER,Noire,Homme,41,1
129,Sabot A RETIRER,Noire,Homme,42,2
129,Sabot A RETIRER,Noire,Homme,43,2
129,Sabot A RETIRER,Noire,Homme,44,2
129,Sabot A RETIRER,Noire,Homme,45,1
129,Sabot A RETIRER,Noire,Homme,46,1
129,Sabot A RETIRER,Noire,Homme,47,1
130,Sabot,Noire,Homme,41,2
130,Sabot,Noire,Homme,42,4
130,Sabot,Noire,Homme,43,1
130,Sabot,Noire,Homme,44,1
130,Sabot,Noire,Homme,45,3
130,Sabot,Noire,Homme,46,2
130,Sabot,Noire,Homme,47,2
131,Sabot Aladin,Jaune,Homme,41,3
131,Sabot Aladin,Jaune,Homme,42,4
131,Sabot Aladin,Jaune,Homme,43,4
131,Sabot Aladin,Jaune,Homme,44,5
131,Sabot Aladin,Jaune,Homme,45,5
131,Sabot Aladin,Jaune,Homme,46,4
131,Sabot Aladin,Jaune,Homme,47,2
132,Sabot Aladin,Marron,Homme,42,1
133,Sabot Aladin,Violet,Homme,40,1
134,Sandal Karl,Marron,Homme,42,6
134,Sandal Karl,Marron,Homme,43,7
134,Sandal Karl,Marron,Homme,44,2
135,Sandale Carapé,Marron,Homme,41,1
135,Sandale Carapé,Marron,Homme,42,2
135,Sandale Carapé,Marron,Homme,43,2
135,Sandale Carapé,Marron,Homme,44,1
135,Sandale Carapé,Marron,Homme,45,1
135,Sandale Carapé,Marron,Homme,46,1
136,Sandale Croisée,Marron,Homme,40,1
136,Sandale Croisée,Marron,Homme,41,2
136,Sandale Croisée,Marron,Homme,42,4
136,Sandale Croisée,Marron,Homme,43,3
136,Sandale Croisée,Marron,Homme,44,4
136,Sandale Croisée,Marron,Homme,45,2
136,Sandale Croisée,Marron,Homme,46,1
136,Sandale Croisée,Marron,Homme,47,1
137,Sandale Rabat,Noire,Homme,40,1
137,Sandale Rabat,Noire,Homme,41,2
137,Sandale Rabat,Noire,Homme,42,4
137,Sandale Rabat,Noire,Homme,43,4
137,Sandale Rabat,Noire,Homme,44,4
137,Sandale Rabat,Noire,Homme,45,2
137,Sandale Rabat,Noire,Homme,46,1
137,Sandale Rabat,Noire,Homme,47,1
138,Sandales bateau occasion,Marron,Homme,39,1
138,Sandales bateau occasion,Marron,Homme,41,2
138,Sandales bateau occasion,Marron,Homme,42,2
138,Sandales bateau occasion,Marron,Homme,43,4
138,Sandales bateau occasion,Marron,Homme,44,4
139,Sandales Tétouan,Marron,Homme,40,1
139,Sandales Tétouan,Marron,Homme,41,2
139,Sandales Tétouan,Marron,Homme,42,6
139,Sandales Tétouan,Marron,Homme,43,5
139,Sandales Tétouan,Marron,Homme,44,4
139,Sandales Tétouan,Marron,Homme,45,1
139,Sandales Tétouan,Marron,Homme,46,1
139,Sandales Tétouan,Marron,Homme,47,1
140,Sandals afghanes,Marron,Homme,41,1
140,Sandals afghanes,Marron,Homme,42,2
140,Sandals afghanes,Marron,Homme,43,2
140,Sandals afghanes,Marron,Homme,44,1
140,Sandals afghanes,Marron,Homme,47,1
141,Sandals Croisé Occasion,Marron,Homme,39,5
141,Sandals Croisé Occasion,Marron,Homme,40,8
141,Sandals Croisé Occasion,Marron,Homme,41,6
141,Sandals Croisé Occasion,Marron,Homme,42,4
142,Sandals Rabat,Marron,Homme,42,1
142,Sandals Rabat,Marron,Homme,44,2
142,Sandals Rabat,Marron,Homme,45,1
143,Sandral Spiral,Marron,Homme,41,1
143,Sandral Spiral,Marron,Homme,42,3
143,Sandral Spiral,Marron,Homme,43,1
143,Sandral Spiral,Marron,Homme,44,2
143,Sandral Spiral,Marron,Homme,45,2
143,Sandral Spiral,Marron,Homme,46,2
143,Sandral Spiral,Marron,Homme,47,1
144,Spartiate,Marron,Homme,37,1
144,Spartiate,Marron,Homme,38,2
144,Spartiate,Marron,Homme,40,3
144,Spartiate,Marron,Homme,42,1
145,Tafraout,Bleu,Homme,41,1
145,Tafraout,Bleu,Homme,42,2
145,Tafraout,Bleu,Homme,43,1
145,Tafraout,Bleu,Homme,44,2
145,Tafraout,Bleu,Homme,45,2
145,Tafraout,Bleu,Homme,46,3
145,Tafraout,Bleu,Homme,47,1
146,Tafraout,Bleu clair,Homme,44,1
146,Tafraout,Bleu clair,Homme,45,1
147,Tafraout,Jaune,Homme,41,1
147,Tafraout,Jaune,Homme,42,2
147,Tafraout,Jaune,Homme,43,2
147,Tafraout,Jaune,Homme,44,2
147,Tafraout,Jaune,Homme,45,1
147,Tafraout,Jaune,Homme,46,1
147,Tafraout,Jaune,Homme,47,1
148,Tafraout,Marron,Homme,41,2
148,Tafraout,Marron,Homme,42,3
148,Tafraout,Marron,Homme,43,4
148,Tafraout,Marron,Homme,44,3
148,Tafraout,Marron,Homme,45,2
148,Tafraout,Marron,Homme,46,2
148,Tafraout,Marron,Homme,47,2
149,Tafraout,Multicolore,Homme,44,1
149,Tafraout,Multicolore,Homme,45,2
149,Tafraout,Multicolore,Homme,46,1
149,Tafraout,Multicolore,Homme,47,1
150,Tafraout,Noire,Homme,41,3
150,Tafraout,Noire,Homme,42,8
150,Tafraout,Noire,Homme,43,6
150,Tafraout,Noire,Homme,44,4
150,Tafraout,Noire,Homme,45,4
150,Tafraout,Noire,Homme,46,2
150,Tafraout,Noire,Homme,47,2
151,Tongs Birkenstock,Marron,Homme,42,1
151,Tongs Birkenstock,Marron,Homme,44,1
151,Tongs Birkenstock,Marron,Homme,45,2
152,Tropézien,Beige,Homme,42,2
152,Tropézien,Beige,Homme,43,2
152,Tropézien,Beige,Homme,44,2
152,Tropézien,Beige,Homme,45,1
153,Égypte,A définir,Homme,41,1
153,Égypte,A définir,Homme,42,1
153,Égypte,A définir,Homme,43,3
153,Égypte,A définir,Homme,44,3
153,Égypte,A définir,Homme,45,2
153,Égypte,A définir,Homme,46,1
153,Égypte,A définir,Homme,47,1
201,Babouche,Marron Embark,Unisex,39,1
201,Babouche,Marron Embark,Unisex,40,1
201,Babouche,Marron Embark,Unisex,41,2
201,Babouche,Marron Embark,Unisex,42,2
202,Babush Birkenstock,Daim marron,Unisex,37,1
202,Babush Birkenstock,Daim marron,Unisex,38,1
202,Babush Birkenstock,Daim marron,Unisex,39,3
202,Babush Birkenstock,Daim marron,Unisex,40,3
202,Babush Birkenstock,Daim marron,Unisex,41,1
202,Babush Birkenstock,Daim marron,Unisex,42,1
203,Babush Birkenstock,Marron,Unisex,37,1
203,Babush Birkenstock,Marron,Unisex,38,2
203,Babush Birkenstock,Marron,Unisex,39,3
203,Babush Birkenstock,Marron,Unisex,40,4
203,Babush Birkenstock,Marron,Unisex,41,4
203,Babush Birkenstock,Marron,Unisex,42,2
203,Babush Birkenstock,Marron,Unisex,43,1
203,Babush Birkenstock,Marron,Unisex,44,4
203,Babush Birkenstock,Marron,Unisex,45,4
203,Babush Birkenstock,Marron,Unisex,46,4
203,Babush Birkenstock,Marron,Unisex,47,2
204,Babush Birkenstock,Nibek,Unisex,38,1
204,Babush Birkenstock,Nibek,Unisex,39,2
204,Babush Birkenstock,Nibek,Unisex,40,1
204,Babush Birkenstock,Nibek,Unisex,41,1
205,Babush Birkenstock,Noire,Unisex,38,2
205,Babush Birkenstock,Noire,Unisex,39,2
205,Babush Birkenstock,Noire,Unisex,40,1
205,Babush Birkenstock,Noire,Unisex,41,1
205,Babush Birkenstock,Noire,Unisex,42,2
205,Babush Birkenstock,Noire,Unisex,43,1
205,Babush Birkenstock,Noire,Unisex,44,1
205,Babush Birkenstock,Noire,Unisex,45,2
205,Babush Birkenstock,Noire,Unisex,46,2
205,Babush Birkenstock,Noire,Unisex,47,3
206,Birkenstock,Blanche,Unisex,37,1
206,Birkenstock,Blanche,Unisex,39,1
207,Birkenstock,Daim marron,Unisex,39,2
207,Birkenstock,Daim marron,Unisex,40,1
208,Birkenstock,Marron,Unisex,37,1
208,Birkenstock,Marron,Unisex,38,2
208,Birkenstock,Marron,Unisex,39,1
208,Birkenstock,Marron,Unisex,40,3
208,Birkenstock,Marron,Unisex,41,2
208,Birkenstock,Marron,Unisex,42,2
208,Birkenstock,Marron,Unisex,44,2
208,Birkenstock,Marron,Unisex,45,4
208,Birkenstock,Marron,Unisex,46,3
208,Birkenstock,Marron,Unisex,47,3
209,Birkenstock,Noire,Unisex,37,2
209,Birkenstock,Noire,Unisex,38,5
209,Birkenstock,Noire,Unisex,39,3
209,Birkenstock,Noire,Unisex,40,1
209,Birkenstock,Noire,Unisex,41,2
209,Birkenstock,Noire,Unisex,42,3
209,Birkenstock,Noire,Unisex,43,6
209,Birkenstock,Noire,Unisex,44,4
209,Birkenstock,Noire,Unisex,45,5
209,Birkenstock,Noire,Unisex,46,8
209,Birkenstock,Noire,Unisex,47,2
210,Chauve-souris,Marron,Unisex,40,1
210,Chauve-souris,Marron,Unisex,41,1
210,Chauve-souris,Marron,Unisex,46,1
210,Chauve-souris,Marron,Unisex,47,1
211,Dessinateur vieux,Jaune et embark,Unisex,39,2
211,Dessinateur vieux,Jaune et embark,Unisex,40,4
211,Dessinateur vieux,Jaune et embark,Unisex,41,2
211,Dessinateur vieux,Jaune et embark,Unisex,42,1
212,Mocassin cuir de chèvre,Marron,Unisex,37,1
212,Mocassin cuir de chèvre,Marron,Unisex,39,1
212,Mocassin cuir de chèvre,Marron,Unisex,45,1
213,Pologne,Caramel,Unisex,41,1
213,Pologne,Caramel,Unisex,42,1
213,Pologne,Caramel,Unisex,44,1
213,Pologne,Caramel,Unisex,45,1
213,Pologne,Caramel,Unisex,46,2
214,Pologne,Marron,Unisex,42,1
214,Pologne,Marron,Unisex,43,1
214,Pologne,Marron,Unisex,44,1
214,Pologne,Marron,Unisex,45,1
214,Pologne,Marron,Unisex,46,2
215,Pologne,Marron foncé devant et beige derrière,Unisex,36,1
215,Pologne,Marron foncé devant et beige derrière,Unisex,37,1
215,Pologne,Marron foncé devant et beige derrière,Unisex,38,1
215,Pologne,Marron foncé devant et beige derrière,Unisex,39,1
215,Pologne,Marron foncé devant et beige derrière,Unisex,40,1
215,Pologne,Marron foncé devant et beige derrière,Unisex,41,2
215,Pologne,Marron foncé devant et beige derrière,Unisex,47,1
216,Sabot,Bleu,Unisex,38,1
216,Sabot,Bleu,Unisex,39,2
216,Sabot,Bleu,Unisex,40,1
216,Sabot,Bleu,Unisex,41,1
216,Sabot,Bleu,Unisex,42,2
216,Sabot,Bleu,Unisex,43,2
216,Sabot,Bleu,Unisex,44,2
216,Sabot,Bleu,Unisex,45,1
217,Sandale Cheveux,Divers,Unisex,1,14
218,Tafraout,Embark,Unisex,39,3
218,Tafraout,Embark,Unisex,40,5
218,Tafraout,Embark,Unisex,41,4
218,Tafraout,Embark,Unisex,42,3
218,Tafraout,Embark,Unisex,43,3
218,Tafraout,Embark,Unisex,44,3
219,Tafraout Occasion,Marron,Unisex,38,2
219,Tafraout Occasion,Marron,Unisex,39,1
219,Tafraout Occasion,Marron,Unisex,41,1
219,Tafraout Occasion,Marron,Unisex,42,2